,id,preds
0,1,0.5391169786453247
1,2,0.5738160610198975
2,3,0.498781681060791
3,4,0.48018184304237366
4,5,0.5561613440513611
5,6,0.5872464776039124
6,7,0.542224645614624
7,8,0.4942174553871155
8,9,0.5429763197898865
9,10,0.6670305132865906
10,11,0.5362217426300049
11,12,0.5020376443862915
12,13,0.5225319266319275
13,14,0.49035435914993286
14,15,0.5296538472175598
15,16,0.517673671245575
16,17,0.576191246509552
17,18,0.5680877566337585
18,19,0.4882538318634033
19,20,0.5531789660453796
20,21,0.5334954261779785
21,22,0.48548567295074463
22,23,0.4678008258342743
23,24,0.5839704871177673
24,25,0.565299391746521
25,26,0.4809124171733856
26,27,0.48574936389923096
27,28,0.4721725583076477
28,29,0.4638182818889618
29,30,0.4686844050884247
30,31,0.5053321123123169
31,32,0.6397993564605713
32,33,0.5322502851486206
33,34,0.4948410093784332
34,35,0.4707601070404053
35,36,0.49067434668540955
36,37,0.46184855699539185
37,38,0.7181153893470764
38,39,0.5416439175605774
39,40,0.5451803207397461
40,41,0.5789763331413269
41,42,0.583174467086792
42,43,0.5176600217819214
43,44,0.48131632804870605
44,45,0.5973415970802307
45,46,0.5360774397850037
46,47,0.5325354933738708
47,48,0.5947639346122742
48,49,0.5457118153572083
49,50,0.535757303237915
50,51,0.4616595506668091
51,52,0.6767089366912842
52,53,0.49780184030532837
53,54,0.5152695178985596
54,55,0.6019207239151001
55,56,0.4529252052307129
56,57,0.5127246975898743
57,58,0.4768690764904022
58,59,0.5609520077705383
59,60,0.488363653421402
60,61,0.5214741826057434
61,62,0.4822385907173157
62,63,0.5585820078849792
63,64,0.5262349843978882
64,65,0.6125036478042603
65,66,0.5654401183128357
66,67,0.6307323575019836
67,68,0.6242689490318298
68,69,0.4605947732925415
69,70,0.4776499569416046
70,71,0.6341880559921265
71,72,0.505861222743988
72,73,0.574380099773407
73,74,0.5511139631271362
74,75,0.6456894874572754
75,76,0.5800267457962036
76,77,0.5314414501190186
77,78,0.5422683358192444
78,79,0.5811247825622559
79,80,0.5881332159042358
80,81,0.5948871374130249
81,82,0.5197482109069824
82,83,0.5291173458099365
83,84,0.5670909881591797
84,85,0.5533835291862488
85,86,0.422097384929657
86,87,0.4424014687538147
87,88,0.5534462332725525
88,89,0.5386069416999817
89,90,0.566108763217926
90,91,0.4663965702056885
91,92,0.4724141061306
92,93,0.47440803050994873
93,94,0.4777573049068451
94,95,0.5756164193153381
95,96,0.5571621060371399
96,97,0.5236733555793762
97,98,0.6541528701782227
98,99,0.6315695643424988
99,100,0.5538315773010254
100,101,0.5485818982124329
101,102,0.49327796697616577
102,103,0.5452155470848083
103,104,0.6336115002632141
104,105,0.532026469707489
105,106,0.4717266857624054
106,107,0.4693447947502136
107,108,0.6871986985206604
108,109,0.4745255708694458
109,110,0.6386119723320007
110,111,0.508669376373291
111,112,0.463077187538147
112,113,0.5262355208396912
113,114,0.4887267053127289
114,115,0.5284088253974915
115,116,0.5016168355941772
116,117,0.5156951546669006
117,118,0.6693724393844604
118,119,0.5516334176063538
119,120,0.5495789051055908
120,121,0.48087695240974426
121,122,0.48767200112342834
122,123,0.46840140223503113
123,124,0.4222031831741333
124,125,0.5313518643379211
125,126,0.4999072849750519
126,127,0.5608440041542053
127,128,0.5664591193199158
128,129,0.48322203755378723
129,130,0.5474966764450073
130,131,0.4916008412837982
131,132,0.46270743012428284
132,133,0.5018612146377563
133,134,0.5044236183166504
134,135,0.5696921944618225
135,136,0.5013647675514221
136,137,0.4945918321609497
137,138,0.5476825833320618
138,139,0.506758451461792
139,140,0.5857399702072144
140,141,0.6228110790252686
141,142,0.5098496079444885
142,143,0.575731635093689
143,144,0.6667554378509521
144,145,0.5090423822402954
145,146,0.48019713163375854
146,147,0.5437949895858765
147,148,0.5181170105934143
148,149,0.4956827163696289
149,150,0.5947933793067932
150,151,0.7814658284187317
151,152,0.463203489780426
152,153,0.5712344646453857
153,154,0.5013132691383362
154,155,0.4788264334201813
155,156,0.42392775416374207
156,157,0.7001844048500061
157,158,0.48203974962234497
158,159,0.6740684509277344
159,160,0.5059190988540649
160,161,0.6177659630775452
161,162,0.47191330790519714
162,163,0.5157878994941711
163,164,0.4683282673358917
164,165,0.4941910207271576
165,166,0.5688960552215576
166,167,0.5041098594665527
167,168,0.5184915661811829
168,169,0.5596463680267334
169,170,0.5513764023780823
170,171,0.49007701873779297
171,172,0.53815758228302
172,173,0.6370851993560791
173,174,0.5711376070976257
174,175,0.520068883895874
175,176,0.6105538606643677
176,177,0.5675312280654907
177,178,0.45965608954429626
178,179,0.5541958808898926
179,180,0.46761369705200195
180,181,0.5960434675216675
181,182,0.6700176000595093
182,183,0.5312759876251221
183,184,0.49783313274383545
184,185,0.47066500782966614
185,186,0.5450617074966431
186,187,0.6435480713844299
187,188,0.48666656017303467
188,189,0.5082595348358154
189,190,0.6521434783935547
190,191,0.45642319321632385
191,192,0.4610133469104767
192,193,0.5269657373428345
193,194,0.5435128808021545
194,195,0.47055190801620483
195,196,0.5160967111587524
196,197,0.5278034210205078
197,198,0.520971417427063
198,199,0.4269773066043854
199,200,0.6743758320808411
200,201,0.5403931140899658
201,202,0.5961864590644836
202,203,0.5219315886497498
203,204,0.4661635756492615
204,205,0.5090786814689636
205,206,0.4774126410484314
206,207,0.5555106401443481
207,208,0.44236624240875244
208,209,0.6507036089897156
209,210,0.5425445437431335
210,211,0.662104070186615
211,212,0.5256478786468506
212,213,0.5095033049583435
213,214,0.410775363445282
214,215,0.5362579822540283
215,216,0.5136067271232605
216,217,0.48570436239242554
217,218,0.5774931907653809
218,219,0.5590423345565796
219,220,0.5306503176689148
220,221,0.49858027696609497
221,222,0.5269253849983215
222,223,0.5747988224029541
223,224,0.4846903681755066
224,225,0.6488466858863831
225,226,0.6003272533416748
226,227,0.5696611404418945
227,228,0.5565091967582703
228,229,0.6062996983528137
229,230,0.5443785190582275
230,235,0.6531771421432495
231,237,0.45643600821495056
232,239,0.4612959027290344
233,242,0.48309409618377686
234,243,0.5067224502563477
235,246,0.5736653804779053
236,247,0.5862904191017151
237,248,0.5693056583404541
238,252,0.6286134123802185
239,256,0.49872106313705444
240,257,0.540767252445221
241,258,0.47977814078330994
242,259,0.5408404469490051
243,262,0.5006234645843506
244,267,0.4793122112751007
245,269,0.5857802033424377
246,272,0.5532404780387878
247,275,0.5144454836845398
248,276,0.5147454738616943
249,277,0.5488817691802979
250,279,0.5764660239219666
251,281,0.5526688694953918
252,283,0.6561139822006226
253,284,0.5709754228591919
254,285,0.40765053033828735
255,286,0.5549767017364502
256,287,0.48788371682167053
257,292,0.5233122110366821
258,293,0.5079029202461243
259,296,0.5133714079856873
260,301,0.5316555500030518
261,303,0.48910006880760193
262,307,0.48935845494270325
263,309,0.4416565001010895
264,310,0.7015510201454163
265,315,0.4897528290748596
266,318,0.7145046591758728
267,322,0.5673802495002747
268,323,0.49464282393455505
269,325,0.6038386225700378
270,332,0.43862438201904297
271,338,0.5850273966789246
272,350,0.5076661109924316
273,357,0.48817598819732666
274,366,0.5099847316741943
275,377,0.5776523351669312
276,385,0.5468883514404297
277,390,0.5333684086799622
278,392,0.5783100128173828
279,395,0.5671169757843018
280,399,0.5340975522994995
281,408,0.5987632274627686
282,412,0.5529201626777649
283,415,0.5597525835037231
284,417,0.5400545597076416
285,418,0.5619096159934998
286,422,0.5941755175590515
287,430,0.5797370672225952
288,432,0.4543505012989044
289,443,0.4971145987510681
290,445,0.750253438949585
291,447,0.5404849052429199
292,454,0.47500112652778625
293,456,0.5543261766433716
294,461,0.48747140169143677
295,464,0.6100719571113586
296,465,0.5402008891105652
297,471,0.5916402339935303
298,477,0.5055060982704163
299,479,0.5349771976470947
300,482,0.5385302305221558
301,488,0.4664250612258911
302,506,0.6491284966468811
303,509,0.4886351525783539
304,511,0.6418902277946472
305,516,0.5393376350402832
306,519,0.5860633850097656
307,520,0.5827820301055908
308,522,0.5344036817550659
309,526,0.5854677557945251
310,527,0.43273279070854187
311,528,0.6485675573348999
312,538,0.6111384034156799
313,540,0.6698451042175293
314,545,0.5571403503417969
315,546,0.48187023401260376
316,547,0.5254979133605957
317,555,0.46430152654647827
318,560,0.5326274633407593
319,561,0.6271069049835205
320,562,0.5467218160629272
321,566,0.49644047021865845
322,570,0.5077018141746521
323,572,0.5914852619171143
324,575,0.5623914003372192
325,576,0.5142493844032288
326,578,0.5801421999931335
327,579,0.5086184144020081
328,580,0.5157893300056458
329,581,0.5831266641616821
330,584,0.5854795575141907
331,585,0.46508845686912537
332,595,0.5624879598617554
333,596,0.42764538526535034
334,598,0.4605782926082611
335,599,0.554652214050293
336,601,0.5296382308006287
337,602,0.6013697981834412
338,603,0.5207967758178711
339,605,0.5644274353981018
340,611,0.51168292760849
341,617,0.6899800896644592
342,624,0.5157811045646667
343,628,0.5135465264320374
344,629,0.5609666705131531
345,630,0.5347802042961121
346,637,0.5599809885025024
347,639,0.564024806022644
348,644,0.6381496787071228
349,647,0.6033801436424255
350,648,0.5327414274215698
351,650,0.5466872453689575
352,656,0.4847310483455658
353,661,0.5439165830612183
354,662,0.5973740816116333
355,663,0.7345765233039856
356,669,0.6172484159469604
357,670,0.6154091954231262
358,677,0.5657413005828857
359,682,0.5450941324234009
360,683,0.5115334987640381
361,684,0.5401400923728943
362,687,0.567897617816925
363,688,0.5710203051567078
364,689,0.48995500802993774
365,691,0.5663682222366333
366,693,0.5007642507553101
367,697,0.606907844543457
368,700,0.6101850867271423
369,706,0.5651017427444458
370,711,0.6554422378540039
371,712,0.5732537508010864
372,721,0.5977244973182678
373,723,0.6209876537322998
374,730,0.6207903623580933
375,731,0.4507316052913666
376,733,0.5819096565246582
377,740,0.5885215997695923
378,741,0.704410195350647
379,748,0.5368947982788086
380,751,0.5155099630355835
381,754,0.5139867663383484
382,759,0.4998789131641388
383,764,0.6009754538536072
384,769,0.54099041223526
385,772,0.5665066838264465
386,778,0.5207995772361755
387,782,0.5190869569778442
388,783,0.5888200402259827
389,784,0.5287220478057861
390,787,0.5245546698570251
391,789,0.5342105031013489
392,794,0.55587238073349
393,798,0.5591576099395752
394,801,0.5504610538482666
395,807,0.6331393718719482
396,811,0.4568994343280792
397,814,0.46368494629859924
398,816,0.5946530699729919
399,820,0.43967145681381226
400,821,0.5050601959228516
401,822,0.4215092957019806
402,827,0.6487314105033875
403,828,0.5962111353874207
404,836,0.5538686513900757
405,837,0.5600776672363281
406,839,0.5004324913024902
407,840,0.5696128606796265
408,844,0.5635077357292175
409,848,0.5057358145713806
410,853,0.5162332057952881
411,858,0.46126511693000793
412,862,0.5177306532859802
413,864,0.5555172562599182
414,870,0.5158236622810364
415,871,0.5031388401985168
416,872,0.5321857929229736
417,873,0.4678524136543274
418,875,0.5812265276908875
419,878,0.452096551656723
420,881,0.49192285537719727
421,882,0.5678567290306091
422,885,0.5936432480812073
423,887,0.4814092516899109
424,889,0.49714112281799316
425,890,0.6843723058700562
426,894,0.4778710603713989
427,898,0.5392445921897888
428,900,0.5450202226638794
429,905,0.7110983729362488
430,906,0.5814500451087952
431,911,0.4895947575569153
432,913,0.4968155324459076
433,915,0.5019670128822327
434,918,0.5910853743553162
435,924,0.5210457444190979
436,934,0.5346779227256775
437,944,0.4924682676792145
438,945,0.5611052513122559
439,950,0.5306202173233032
440,951,0.5963580012321472
441,953,0.5720763206481934
442,955,0.6021955609321594
443,959,0.4865753650665283
444,964,0.5872948169708252
445,966,0.5226535797119141
446,976,0.5084773302078247
447,981,0.5354921817779541
448,991,0.5599948167800903
449,993,0.49509042501449585
450,995,0.5696486830711365
451,999,0.5646863579750061
452,1011,0.4869902729988098
453,1015,0.45698755979537964
454,1018,0.5726379156112671
455,1021,0.5311645269393921
456,1022,0.5428309440612793
457,1024,0.5033798813819885
458,1027,0.564233660697937
459,1031,0.4801889955997467
460,1038,0.5232181549072266
461,1043,0.47424474358558655
462,1046,0.4868583381175995
463,1047,0.6531102061271667
464,1049,0.475803017616272
465,1052,0.4883214235305786
466,1055,0.491825670003891
467,1074,0.5386402606964111
468,1076,0.5336153507232666
469,1080,0.704720139503479
470,1082,0.5292558073997498
471,1086,0.6075600981712341
472,1088,0.4645187258720398
473,1092,0.5756062269210815
474,1095,0.6470536589622498
475,1106,0.5876904726028442
476,1109,0.5252382755279541
477,1121,0.5904240012168884
478,1123,0.5890275835990906
479,1125,0.5271981954574585
480,1129,0.5714858770370483
481,1138,0.573617696762085
482,1139,0.5178509950637817
483,1167,0.5328079462051392
484,1168,0.46845218539237976
485,1178,0.5757542252540588
486,1187,0.6546486616134644
487,1197,0.4295501708984375
488,1199,0.5403645038604736
489,1203,0.5457975268363953
490,1213,0.5172151327133179
491,1215,0.4975561797618866
492,1219,0.5347352027893066
493,1227,0.6322882175445557
494,1238,0.5668042302131653
495,1239,0.44304758310317993
496,1247,0.5131362080574036
497,1254,0.5110435485839844
498,1257,0.4726330041885376
499,1261,0.5254013538360596
500,1263,0.578552782535553
501,1272,0.48585885763168335
502,1278,0.6309018135070801
503,1297,0.6626236438751221
504,1307,0.583268404006958
505,1309,0.5146914124488831
506,1312,0.46024608612060547
507,1317,0.5797377228736877
508,1326,0.5460065603256226
509,1327,0.5337324142456055
510,1335,0.6106627583503723
511,1343,0.5531215071678162
512,1353,0.5094422698020935
513,1365,0.5946812629699707
514,1366,0.5105772018432617
515,1371,0.5559536814689636
516,1388,0.5974271297454834
517,1389,0.559139609336853
518,1402,0.4331184923648834
519,1410,0.6091480255126953
520,1422,0.4833710491657257
521,1423,0.5314869284629822
522,1425,0.5636323690414429
523,1436,0.47896552085876465
524,1446,0.5766234993934631
525,1452,0.5463571548461914
526,1473,0.4961719214916229
527,1474,0.5607574582099915
528,1480,0.46948564052581787
529,1483,0.48861268162727356
530,1498,0.6000279784202576
531,1529,0.5078253149986267
532,1537,0.49338269233703613
533,1545,0.4337320327758789
534,1553,0.5753611326217651
535,1555,0.4881584048271179
536,1557,0.4791924059391022
537,1558,0.48795226216316223
538,1560,0.5646089315414429
539,1576,0.5686273574829102
540,1583,0.5429122447967529
541,1592,0.6265679597854614
542,1617,0.5049400925636292
543,1623,0.4952118694782257
544,1631,0.4834260642528534
545,1632,0.522118866443634
546,1635,0.5329505205154419
547,1648,0.6490916013717651
548,1653,0.5515466332435608
549,1655,0.5248255729675293
550,1657,0.7064412236213684
551,1659,0.4970945715904236
552,1664,0.5155629515647888
553,1671,0.5683741569519043
554,1672,0.4922740161418915
555,1677,0.5504379868507385
556,1692,0.5203653573989868
557,1693,0.5095248818397522
558,1712,0.5063462257385254
559,1719,0.5528213381767273
560,1726,0.5503174662590027
561,1759,0.5365085005760193
562,1777,0.5258725881576538
563,1780,0.5469372272491455
564,1783,0.49618613719940186
565,1784,0.6817818284034729
566,1789,0.6445786952972412
567,1792,0.5120960474014282
568,1801,0.5594758987426758
569,1813,0.5530097484588623
570,1815,0.5113255381584167
571,1816,0.563504159450531
572,1817,0.5416351556777954
573,1823,0.5159077644348145
574,1826,0.5085397362709045
575,1839,0.49009549617767334
576,1840,0.6962957382202148
577,1843,0.46022674441337585
578,1880,0.5582241415977478
579,1892,0.45677927136421204
580,1899,0.7033518552780151
581,1907,0.5693442821502686
582,1923,0.5170862078666687
583,1941,0.5345987677574158
584,1959,0.4911945164203644
585,1965,0.531558632850647
586,1976,0.5647166967391968
587,1977,0.5395814776420593
588,1985,0.6481413841247559
589,2020,0.6582513451576233
590,2021,0.5218539237976074
591,2022,0.5858842134475708
592,2041,0.501518964767456
593,2055,0.5829569101333618
594,2063,0.5152114033699036
595,2065,0.4352918267250061
596,2068,0.5737165212631226
597,2070,0.4902119040489197
598,2073,0.5859818458557129
599,2095,0.5832023024559021
600,2120,0.5345659852027893
601,2124,0.5214735269546509
602,2127,0.5669041872024536
603,2129,0.5825161337852478
604,2133,0.5634966492652893
605,2135,0.5335384607315063
606,2152,0.5111162066459656
607,2153,0.6108262538909912
608,2164,0.6513676047325134
609,2185,0.608547031879425
610,2189,0.5063114166259766
611,2209,0.5299574732780457
612,2214,0.46524912118911743
613,2221,0.5906286835670471
614,2222,0.5388823747634888
615,2225,0.6090996861457825
616,2231,0.5086121559143066
617,2232,0.5413330793380737
618,2241,0.5909981727600098
619,2243,0.5470433831214905
620,2253,0.5649072527885437
621,2267,0.4724036753177643
622,2282,0.5355790853500366
623,2290,0.5040715932846069
624,2295,0.4924170970916748
625,2301,0.5333630442619324
626,2302,0.47579994797706604
627,2307,0.4584583044052124
628,2322,0.5305516123771667
629,2325,0.48004671931266785
630,2332,0.5425792932510376
631,2337,0.6374906897544861
632,2346,0.5479879379272461
633,2348,0.5169463157653809
634,2353,0.5329322218894958
635,2357,0.6625410318374634
636,2363,0.5316606163978577
637,2371,0.5390334129333496
638,2386,0.4744068384170532
639,2392,0.6153502464294434
640,2402,0.6296553015708923
641,2411,0.4974063038825989
642,2417,0.6090646386146545
643,2446,0.568681001663208
644,2447,0.4898781478404999
645,2451,0.5951788425445557
646,2454,0.5349001288414001
647,2468,0.5371677875518799
648,2471,0.4883284568786621
649,2482,0.4950449466705322
650,2506,0.5591721534729004
651,2508,0.5464438199996948
652,2511,0.5827194452285767
653,2523,0.6228286623954773
654,2537,0.5705927610397339
655,2551,0.70992511510849
656,2556,0.52133709192276
657,2561,0.49284279346466064
658,2572,0.5134785175323486
659,2573,0.5669557452201843
660,2574,0.6269506812095642
661,2588,0.47635090351104736
662,2598,0.5229969620704651
663,2618,0.45495665073394775
664,2619,0.46463924646377563
665,2629,0.5251469612121582
666,2640,0.4453830420970917
667,2646,0.5186743140220642
668,2657,0.6463569402694702
669,2662,0.5426725149154663
670,2663,0.5226333141326904
671,2678,0.4826790690422058
672,2690,0.5619443655014038
673,2695,0.45934760570526123
674,2714,0.5781314969062805
675,2716,0.5371596813201904
676,2734,0.6706656217575073
677,2742,0.6181785464286804
678,2770,0.7340611219406128
679,2780,0.6138022541999817
680,2789,0.4686974287033081
681,2809,0.5617554187774658
682,2858,0.459046870470047
683,2861,0.5686125755310059
684,2862,0.5636312365531921
685,2869,0.47212374210357666
686,2882,0.5044191479682922
687,2887,0.42430445551872253
688,2888,0.5324458479881287
689,2897,0.5418033599853516
690,2938,0.4454725384712219
691,2945,0.4834681749343872
692,2947,0.5523136854171753
693,2957,0.5842368602752686
694,2962,0.5126408338546753
695,2974,0.60634845495224
696,2976,0.5585577487945557
697,2982,0.6355869174003601
698,2990,0.5342665314674377
699,2997,0.46264970302581787
700,3002,0.5295819044113159
701,3004,0.6709436774253845
702,3015,0.5246764421463013
703,3021,0.5368582010269165
704,3031,0.5607978105545044
705,3035,0.5362398028373718
706,3064,0.5869966745376587
707,3075,0.46612969040870667
708,3080,0.5616359710693359
709,3109,0.4663695693016052
710,3155,0.5545777082443237
711,3206,0.5210168957710266
712,3244,0.6062911152839661
713,3301,0.5650246739387512
714,3362,0.5267070531845093
715,3363,0.5313968658447266
716,3370,0.46792569756507874
717,3471,0.5742526650428772
718,3487,0.4417937397956848
719,3499,0.4243893027305603
720,3509,0.5496757626533508
721,3513,0.5743369460105896
722,3595,0.587198793888092
723,3630,0.5725826025009155
724,3641,0.5654215216636658
725,3646,0.48906180262565613
726,3664,0.5377610921859741
727,3669,0.6020016670227051
728,3686,0.46259963512420654
729,3767,0.5169545412063599
730,3783,0.5500432848930359
731,3792,0.6198701858520508
732,3797,0.6703557372093201
733,3828,0.47820794582366943
734,3842,0.5063524842262268
735,3856,0.5892196893692017
736,3866,0.5033496022224426
737,3868,0.4988204836845398
738,3869,0.595061719417572
739,3870,0.527855634689331
740,3877,0.5024154782295227
741,3880,0.5343329906463623
742,3890,0.4998685419559479
743,3906,0.564766526222229
744,3912,0.6060433387756348
745,3941,0.5316112637519836
746,3944,0.7025080323219299
747,3945,0.5837007761001587
748,3948,0.5491887927055359
749,3952,0.5972992181777954
750,3967,0.5773895978927612
751,3971,0.6404591202735901
752,3973,0.5125589370727539
753,3979,0.5529285669326782
754,3980,0.44211336970329285
755,4003,0.5708579421043396
756,4007,0.5597830414772034
757,4010,0.5483357310295105
758,4022,0.5764021277427673
759,4025,0.5070074796676636
760,4103,0.6377345323562622
761,4106,0.6895602345466614
762,4107,0.4697341322898865
763,4109,0.48361489176750183
764,4117,0.609000563621521
765,4127,0.4918370842933655
766,4129,0.6535921692848206
767,4140,0.5996418595314026
768,4148,0.6849713921546936
769,4167,0.5848940014839172
770,4178,0.5161803364753723
771,4182,0.5537401437759399
772,4187,0.5364269614219666
773,4204,0.5067349672317505
774,4212,0.5300880074501038
775,4231,0.518095850944519
776,4234,0.5374924540519714
777,4242,0.4848282039165497
778,4255,0.5037080645561218
779,4262,0.5398064851760864
780,4267,0.5130338072776794
781,4273,0.5062769055366516
782,4280,0.49589937925338745
783,4285,0.47554779052734375
784,4290,0.6217365264892578
785,4296,0.4875517189502716
786,4299,0.42633628845214844
787,4301,0.5712511539459229
788,4306,0.6318390965461731
789,4309,0.5498517751693726
790,4317,0.6166493892669678
791,4322,0.48367568850517273
792,4345,0.5452151894569397
793,4355,0.5831328630447388
794,4371,0.5996880531311035
795,4376,0.46465396881103516
796,4380,0.47526130080223083
797,4387,0.5753253102302551
798,4392,0.5713977217674255
799,4398,0.5266561508178711
800,4420,0.4580603241920471
801,4472,0.5003887414932251
802,4473,0.5086734294891357
803,4476,0.4819669723510742
804,4484,0.5601164698600769
805,4507,0.5722540020942688
806,4525,0.5728215575218201
807,4530,0.5478392839431763
808,4554,0.45981231331825256
809,4562,0.48000913858413696
810,4583,0.5804824233055115
811,4592,0.5354363918304443
812,4604,0.500903844833374
813,4611,0.5847382545471191
814,4617,0.5181319713592529
815,4650,0.5327546000480652
816,4672,0.5281369686126709
817,4705,0.6021232008934021
818,4710,0.5046571493148804
819,4764,0.4840959310531616
820,4783,0.425676554441452
821,4824,0.5300533771514893
822,4829,0.573777437210083
823,4842,0.5226373672485352
824,4843,0.44184038043022156
825,4860,0.5667580962181091
826,4869,0.5141578316688538
827,4888,0.5447436571121216
828,4902,0.5564396977424622
829,4916,0.5924242734909058
830,4923,0.5139573216438293
831,4936,0.6079822182655334
832,4959,0.4918789565563202
833,4963,0.5120919346809387
834,4964,0.49524784088134766
835,4974,0.5475081205368042
836,4993,0.48181670904159546
837,5006,0.568268358707428
838,5018,0.5989568829536438
839,5042,0.5369798541069031
840,5054,0.5067095756530762
841,5096,0.40952712297439575
842,5098,0.5549478530883789
843,5100,0.49272027611732483
844,5117,0.6186715364456177
845,5132,0.5515407919883728
846,5136,0.47252851724624634
847,5183,0.5581549406051636
848,5186,0.5100651979446411
849,5189,0.5982189774513245
850,5197,0.5332331657409668
851,5198,0.5055758953094482
852,5214,0.5171164274215698
853,5215,0.6196045875549316
854,5231,0.4748106002807617
855,5244,0.5035206079483032
856,5267,0.5323605537414551
857,5286,0.6008205413818359
858,5291,0.5467402935028076
859,5316,0.5622532367706299
860,5330,0.630294919013977
861,5345,0.4967535734176636
862,5360,0.5857000946998596
863,5364,0.4948066771030426
864,5368,0.6287811398506165
865,5389,0.4430004060268402
866,5410,0.5209842324256897
867,5418,0.6917718648910522
868,5451,0.531491219997406
869,5459,0.5184799432754517
870,5475,0.4518652856349945
871,5480,0.4241027534008026
872,5496,0.6623861789703369
873,5517,0.4908874034881592
874,5520,0.5566173195838928
875,5523,0.6827613711357117
876,5528,0.5541179180145264
877,5530,0.5360151529312134
878,5532,0.5048680305480957
879,5559,0.5730136632919312
880,5570,0.5285788178443909
881,5572,0.5371774435043335
882,5587,0.4977779686450958
883,5620,0.6012993454933167
884,5642,0.5458431839942932
885,5646,0.6873325705528259
886,5660,0.5975455045700073
887,5671,0.5652393102645874
888,5681,0.45421767234802246
889,5684,0.7012370824813843
890,5740,0.6281956434249878
891,5758,0.5003373026847839
892,5764,0.5123567581176758
893,5792,0.5025820136070251
894,5803,0.5596277713775635
895,5804,0.45606836676597595
896,5834,0.5838828682899475
897,5884,0.48674362897872925
898,5894,0.5333177447319031
899,5901,0.5269051194190979
900,5907,0.5103906393051147
901,5938,0.6078262329101562
902,5997,0.5078012347221375
903,6043,0.5969898104667664
904,6050,0.5887813568115234
905,6051,0.5804051756858826
906,6104,0.4915688633918762
907,6121,0.513562023639679
908,6137,0.48952075839042664
909,6188,0.5469110608100891
910,6190,0.49238988757133484
911,6194,0.5812107920646667
912,6200,0.5264425873756409
913,6206,0.5244980454444885
914,6217,0.5306224822998047
915,6221,0.5386909246444702
916,6226,0.4692756235599518
917,6233,0.5770484805107117
918,6245,0.4941435754299164
919,6292,0.6406645774841309
920,6294,0.6051995754241943
921,6301,0.5171917080879211
922,6303,0.5289676189422607
923,6328,0.6208006739616394
924,6332,0.5149428248405457
925,6347,0.49817657470703125
926,6371,0.5248602032661438
927,6375,0.5545328855514526
928,6379,0.5919711589813232
929,6381,0.6928443908691406
930,6388,0.4941081702709198
931,6407,0.46448415517807007
932,6411,0.48894184827804565
933,6440,0.6084759831428528
934,6484,0.5174753069877625
935,6500,0.5671078562736511
936,6503,0.4975365102291107
937,6545,0.5090293288230896
938,6548,0.500170111656189
939,6600,0.49740689992904663
940,6601,0.504375696182251
941,6603,0.5505321621894836
942,6606,0.44353723526000977
943,6607,0.42960861325263977
944,6608,0.5593756437301636
945,6609,0.5789979696273804
946,6613,0.5667498111724854
947,6616,0.5993512272834778
948,6618,0.5027632713317871
949,6620,0.48581114411354065
950,6629,0.5232263207435608
951,6631,0.5709044337272644
952,6636,0.4787372350692749
953,6643,0.43251457810401917
954,6645,0.4855702221393585
955,6646,0.5401403903961182
956,6651,0.4583994448184967
957,6653,0.5767037868499756
958,6660,0.45407310128211975
959,6670,0.5263043642044067
960,6675,0.4532054364681244
961,6684,0.47416067123413086
962,6685,0.423400342464447
963,6688,0.4896223545074463
964,6689,0.5876551270484924
965,6693,0.7433329224586487
966,6695,0.4943186938762665
967,6696,0.6035454273223877
968,6697,0.41048118472099304
969,6698,0.4907108545303345
970,6700,0.4758089482784271
971,6708,0.5010675191879272
972,6709,0.460297554731369
973,6711,0.4897077679634094
974,6714,0.5301581621170044
975,6717,0.6074785590171814
976,6721,0.5633195042610168
977,6722,0.41248100996017456
978,6725,0.6339409351348877
979,6729,0.650538980960846
980,6732,0.46484139561653137
981,6738,0.4309678375720978
982,6739,0.4808972477912903
983,6741,0.502069890499115
984,6743,0.6713653206825256
985,6744,0.6065017580986023
986,6753,0.543281078338623
987,6755,0.5618148446083069
988,6761,0.45919498801231384
989,6765,0.6105715036392212
990,6767,0.4729670584201813
991,6768,0.4509647786617279
992,6778,0.5108458399772644
993,6781,0.47026681900024414
994,6783,0.5340575575828552
995,6784,0.45066431164741516
996,6787,0.47119471430778503
997,6790,0.5403313040733337
998,6791,0.3985912501811981
999,6796,0.46319931745529175
1000,6798,0.6023467183113098
1001,6799,0.5755174160003662
1002,6802,0.460767924785614
1003,6807,0.4900110960006714
1004,6808,0.5904371738433838
1005,6813,0.47764891386032104
1006,6817,0.5453543663024902
1007,6819,0.5604210495948792
1008,6826,0.5189999938011169
1009,6828,0.39073899388313293
1010,6831,0.5856958627700806
1011,6837,0.5279853940010071
1012,6838,0.4732493460178375
1013,6840,0.6992278099060059
1014,6847,0.5949233174324036
1015,6851,0.6197251081466675
1016,6855,0.6069589853286743
1017,6859,0.4524279534816742
1018,6862,0.554790735244751
1019,6865,0.48725661635398865
1020,6866,0.493835985660553
1021,6870,0.4229687750339508
1022,6873,0.455138623714447
1023,6876,0.48338326811790466
1024,6882,0.5011637210845947
1025,6884,0.47920072078704834
1026,6892,0.614517867565155
1027,6894,0.4794537425041199
1028,6899,0.5526697039604187
1029,6901,0.5288315415382385
1030,6902,0.5282464623451233
1031,6904,0.4644966125488281
1032,6905,0.3771824240684509
1033,6906,0.4914492964744568
1034,6907,0.5358571410179138
1035,6908,0.5222766995429993
1036,6909,0.6075178980827332
1037,6911,0.527732253074646
1038,6917,0.5502369403839111
1039,6918,0.4425634443759918
1040,6921,0.4961296617984772
1041,6933,0.5430125594139099
1042,6949,0.5397362112998962
1043,6953,0.45413684844970703
1044,6955,0.5316898822784424
1045,6958,0.47741904854774475
1046,6978,0.6198792457580566
1047,6990,0.5825505256652832
1048,6993,0.5312022566795349
1049,7000,0.5597366690635681
1050,7011,0.47904348373413086
1051,7018,0.45205190777778625
1052,7026,0.4792332053184509
1053,7038,0.6242774724960327
1054,7047,0.5819618701934814
1055,7054,0.424465149641037
1056,7061,0.46731531620025635
1057,7068,0.4775182008743286
1058,7071,0.5499098300933838
1059,7075,0.4862973690032959
1060,7094,0.4832433760166168
1061,7102,0.5896949172019958
1062,7107,0.4652256667613983
1063,7117,0.4949917197227478
1064,7136,0.4868459105491638
1065,7139,0.5967174172401428
1066,7141,0.6932033896446228
1067,7145,0.5034957528114319
1068,7164,0.55675208568573
1069,7170,0.4690190851688385
1070,7187,0.5069954991340637
1071,7190,0.6020872592926025
1072,7213,0.4983992874622345
1073,7223,0.5079009532928467
1074,7230,0.4779013991355896
1075,7232,0.4119844436645508
1076,7242,0.5500645041465759
1077,7259,0.5271233916282654
1078,7262,0.4645359218120575
1079,7276,0.42775434255599976
1080,7278,0.5304734706878662
1081,7280,0.5755940675735474
1082,7290,0.5503982901573181
1083,7296,0.5425311326980591
1084,7302,0.5088625550270081
1085,7306,0.6052348017692566
1086,7314,0.45591816306114197
1087,7319,0.4842648506164551
1088,7323,0.6550067067146301
1089,7325,0.5328424572944641
1090,7328,0.5029618740081787
1091,7352,0.48863765597343445
1092,7354,0.5340378284454346
1093,7371,0.6082759499549866
1094,7374,0.5268162488937378
1095,7376,0.5678238868713379
1096,7389,0.482118159532547
1097,7402,0.5888237357139587
1098,7405,0.4589720368385315
1099,7411,0.461232453584671
1100,7432,0.5067504644393921
1101,7438,0.5088614821434021
1102,7439,0.4852173328399658
1103,7441,0.7446891069412231
1104,7442,0.4034562110900879
1105,7445,0.47688785195350647
1106,7450,0.42853304743766785
1107,7456,0.534447193145752
1108,7472,0.4765745997428894
1109,7473,0.40356263518333435
1110,7481,0.42292076349258423
1111,7482,0.4788585603237152
1112,7489,0.4947586953639984
1113,7502,0.42292076349258423
1114,7511,0.44873034954071045
1115,7519,0.42292076349258423
1116,7524,0.37465527653694153
1117,7527,0.47833016514778137
1118,7552,0.5130266547203064
1119,7562,0.48193395137786865
1120,7568,0.4745938181877136
1121,7570,0.44597530364990234
1122,7576,0.5774880051612854
1123,7579,0.4731186330318451
1124,7585,0.5410117506980896
1125,7590,0.450610876083374
1126,7597,0.7430835962295532
1127,7604,0.5751294493675232
1128,7609,0.5010391473770142
1129,7611,0.5509151220321655
1130,7613,0.48951172828674316
1131,7615,0.5380321145057678
1132,7617,0.4641306400299072
1133,7634,0.5946253538131714
1134,7643,0.42450132966041565
1135,7674,0.5310913920402527
1136,7675,0.4930652678012848
1137,7677,0.629970908164978
1138,7679,0.5386655330657959
1139,7698,0.46631336212158203
1140,7700,0.5748911499977112
1141,7704,0.49102118611335754
1142,7706,0.43378746509552
1143,7723,0.5825053453445435
1144,7729,0.4488255977630615
1145,7752,0.5483419895172119
1146,7760,0.5352004766464233
1147,7765,0.49506890773773193
1148,7779,0.5075953602790833
1149,7784,0.7076712846755981
1150,7815,0.493400514125824
1151,7818,0.46161800622940063
1152,7819,0.5091295838356018
1153,7824,0.525152862071991
1154,7836,0.4462242126464844
1155,7851,0.5297374129295349
1156,7862,0.4587901830673218
1157,7864,0.5268963575363159
1158,7865,0.5593498945236206
1159,7866,0.49073106050491333
1160,7871,0.6156988739967346
1161,7896,0.43488219380378723
1162,7900,0.6723794937133789
1163,7908,0.5880879163742065
1164,7909,0.44854414463043213
1165,7917,0.5411307215690613
1166,7918,0.4876505136489868
1167,7933,0.46698319911956787
1168,7934,0.4835280478000641
1169,7936,0.5430769324302673
1170,7965,0.5130721926689148
1171,7971,0.5490524768829346
1172,7984,0.5754392743110657
1173,7989,0.41400957107543945
1174,7992,0.5561357140541077
1175,8021,0.5809757113456726
1176,8023,0.466651052236557
1177,8032,0.495300829410553
1178,8035,0.580501914024353
1179,8036,0.5771549344062805
1180,8045,0.5486361384391785
1181,8047,0.5969357490539551
1182,8059,0.5545232892036438
1183,8061,0.501602053642273
1184,8070,0.6032454967498779
1185,8072,0.5295185446739197
1186,8074,0.5547999739646912
1187,8086,0.4937780797481537
1188,8090,0.5324137806892395
1189,8092,0.4097974896430969
1190,8115,0.5474821329116821
1191,8118,0.426334023475647
1192,8120,0.48712611198425293
1193,8123,0.4605627954006195
1194,8132,0.49079790711402893
1195,8138,0.44863760471343994
1196,8147,0.5259697437286377
1197,8176,0.5208722949028015
1198,8177,0.5634007453918457
1199,8185,0.4135584533214569
1200,8187,0.5229832530021667
1201,8197,0.5524814128875732
1202,8206,0.5076442956924438
1203,8215,0.6090920567512512
1204,8228,0.470893919467926
1205,8241,0.5183769464492798
1206,8242,0.5719513893127441
1207,8248,0.4390951097011566
1208,8261,0.5410965085029602
1209,8262,0.4605374038219452
1210,8269,0.4717109799385071
1211,8270,0.4352470636367798
1212,8283,0.4241330027580261
1213,10195,0.5706157684326172
1214,10212,0.4993361830711365
1215,10213,0.49690139293670654
1216,10228,0.5007718801498413
1217,10229,0.4834135174751282
1218,10230,0.4500965476036072
1219,10231,0.4358002841472626
1220,10233,0.5440459251403809
1221,10236,0.5071243643760681
1222,10247,0.5183403491973877
1223,10249,0.49274134635925293
1224,10257,0.4661477208137512
1225,10259,0.4464315176010132
1226,10260,0.5460495948791504
1227,10264,0.5841319561004639
1228,10267,0.5651975274085999
1229,10270,0.595492422580719
1230,10271,0.5394757390022278
1231,10274,0.5371490716934204
1232,10283,0.5316323041915894
1233,10297,0.41838952898979187
1234,10299,0.5212541222572327
1235,10300,0.5129724740982056
1236,10304,0.4825865924358368
1237,10305,0.5175409913063049
1238,10308,0.571331799030304
1239,10311,0.6049288511276245
1240,10320,0.5120792984962463
1241,10321,0.47921672463417053
1242,10322,0.5691679120063782
1243,10324,0.5950614809989929
1244,10344,0.6860126256942749
1245,10348,0.4636338949203491
1246,10352,0.6386644244194031
1247,10360,0.6517857909202576
1248,10361,0.5004091858863831
1249,10365,0.45849859714508057
1250,10366,0.5085146427154541
1251,10371,0.5531367659568787
1252,10377,0.47777438163757324
1253,10382,0.445099413394928
1254,10383,0.4841485619544983
1255,10384,0.4636077582836151
1256,10397,0.5477201342582703
1257,10398,0.5368062257766724
1258,10399,0.5549323558807373
1259,10400,0.6534123420715332
1260,10406,0.5308306217193604
1261,10414,0.5638719797134399
1262,10420,0.48301073908805847
1263,10428,0.5187233686447144
1264,10436,0.5296346545219421
1265,10442,0.5191081166267395
1266,10443,0.6579903364181519
1267,10445,0.6349306106567383
1268,10448,0.5735427141189575
1269,10453,0.4376242458820343
1270,10464,0.49534574151039124
1271,10466,0.5439397096633911
1272,10467,0.5053244829177856
1273,10471,0.5207417607307434
1274,10483,0.4691750705242157
1275,10490,0.45696401596069336
1276,10502,0.4362494647502899
1277,10504,0.4604056775569916
1278,10505,0.4606246054172516
1279,10511,0.5010595321655273
1280,10518,0.5367741584777832
1281,10519,0.5150368213653564
1282,10523,0.4618828296661377
1283,10524,0.488685667514801
1284,10532,0.520548403263092
1285,10538,0.6248198747634888
1286,10547,0.4399312436580658
1287,10549,0.5412449836730957
1288,10557,0.5431280732154846
1289,10563,0.5578440427780151
1290,10571,0.4963148236274719
1291,10583,0.6516576409339905
1292,10585,0.6225920915603638
1293,10592,0.41420289874076843
1294,10598,0.4643232226371765
1295,10619,0.4757326543331146
1296,10622,0.5279622077941895
1297,10625,0.4296349287033081
1298,10627,0.44720572233200073
1299,10629,0.4192968010902405
1300,10653,0.5334308743476868
1301,10655,0.579036295413971
1302,10661,0.5390678644180298
1303,10670,0.4732888638973236
1304,10678,0.4301617443561554
1305,10698,0.52508544921875
1306,10699,0.487415611743927
1307,10706,0.5264623165130615
1308,10708,0.5832681655883789
1309,10709,0.47943922877311707
1310,10710,0.6178508400917053
1311,10712,0.5135869383811951
1312,10714,0.4614887833595276
1313,10720,0.5800897479057312
1314,10721,0.47593817114830017
1315,10727,0.4766291379928589
1316,10728,0.5423859357833862
1317,10731,0.5072508454322815
1318,10733,0.5615227818489075
1319,10734,0.5119688510894775
1320,10738,0.47968924045562744
1321,10740,0.5521670579910278
1322,10771,0.6240252256393433
1323,10772,0.5357612371444702
1324,10775,0.5766391754150391
1325,10776,0.541618287563324
1326,10779,0.5335133075714111
1327,10783,0.5164764523506165
1328,10789,0.4684199094772339
1329,10793,0.5386233329772949
1330,10794,0.5611963272094727
1331,10800,0.5629162788391113
1332,10803,0.6432681679725647
1333,10804,0.5770257115364075
1334,10811,0.46921274065971375
1335,10826,0.48753413558006287
1336,10836,0.5966417193412781
1337,10837,0.5103750228881836
1338,10843,0.4916214048862457
1339,10849,0.548991858959198
1340,10852,0.6875844597816467
1341,10855,0.52326500415802
1342,10861,0.4822508692741394
1343,10862,0.43337807059288025
1344,10867,0.515438973903656
1345,10884,0.5503678917884827
1346,10887,0.611347496509552
1347,10891,0.47039929032325745
1348,10907,0.48208335041999817
1349,10911,0.4985992908477783
1350,10920,0.46692129969596863
1351,10926,0.563470721244812
1352,10963,0.5461761951446533
1353,10974,0.44361740350723267
1354,10981,0.5048529505729675
1355,10992,0.5778952836990356
1356,10997,0.49762240052223206
1357,11002,0.43829697370529175
1358,11007,0.6300177574157715
1359,11008,0.5068914890289307
1360,11034,0.6074891686439514
1361,11048,0.6011769771575928
1362,11054,0.4215344488620758
1363,11060,0.5137678384780884
1364,11070,0.4709800183773041
1365,11071,0.458512544631958
1366,11074,0.6219163537025452
1367,11079,0.49938273429870605
1368,11081,0.5064793825149536
1369,11083,0.5260368585586548
1370,11084,0.48480769991874695
1371,11090,0.4670824408531189
1372,11091,0.52182537317276
1373,11097,0.6625711917877197
1374,11102,0.6289404630661011
1375,11119,0.49539870023727417
1376,11134,0.4571397602558136
1377,11160,0.5519450902938843
1378,11175,0.4617122411727905
1379,11193,0.6167522072792053
1380,11198,0.4935602843761444
1381,11204,0.4124656021595001
1382,11217,0.5368564128875732
1383,11219,0.5878618955612183
1384,11239,0.5362218618392944
1385,11241,0.4673328101634979
1386,11242,0.6590628623962402
1387,11246,0.6996618509292603
1388,11250,0.49847984313964844
1389,11251,0.6756789088249207
1390,11252,0.5647919774055481
1391,11257,0.5068643093109131
1392,11260,0.477966845035553
1393,11267,0.5373144745826721
1394,11272,0.5811907649040222
1395,11276,0.4339415729045868
1396,11281,0.5046135783195496
1397,11287,0.5186268091201782
1398,11291,0.5379742383956909
1399,11300,0.4984772205352783
1400,11308,0.5628339052200317
1401,11316,0.5723989605903625
1402,11325,0.5804784893989563
1403,11328,0.4684602916240692
1404,11329,0.5386582016944885
1405,11336,0.531210720539093
1406,11343,0.5150299072265625
1407,11374,0.5424483418464661
1408,11379,0.4405612051486969
1409,11385,0.5344951152801514
1410,11386,0.5257343649864197
1411,11387,0.5243465304374695
1412,11392,0.48874956369400024
1413,11399,0.518290102481842
1414,11404,0.5063554048538208
1415,11416,0.48243141174316406
1416,11421,0.5185452103614807
1417,11429,0.5048484206199646
1418,11430,0.464604914188385
1419,11431,0.4640253782272339
1420,11439,0.513511061668396
1421,11455,0.5583593845367432
1422,11457,0.4410344660282135
1423,11465,0.5433868169784546
1424,11466,0.5547359585762024
1425,11471,0.49740251898765564
1426,11475,0.5818371772766113
1427,11478,0.664705216884613
1428,11479,0.5154622793197632
1429,11487,0.4514559507369995
1430,11497,0.6041538715362549
1431,11504,0.5384595394134521
1432,11506,0.5493238568305969
1433,11520,0.5172591209411621
1434,11523,0.5097854733467102
1435,11524,0.6048020124435425
1436,11547,0.5185043811798096
1437,11550,0.5485925674438477
1438,11556,0.5073076486587524
1439,11567,0.531724214553833
1440,11584,0.5222501158714294
1441,11587,0.5111081004142761
1442,11594,0.6434476971626282
1443,11607,0.5453287363052368
1444,11614,0.4752829968929291
1445,11618,0.6432121992111206
1446,11622,0.5363742709159851
1447,11623,0.5637444853782654
1448,11647,0.5651594400405884
1449,11650,0.5399786233901978
1450,11653,0.49298006296157837
1451,11678,0.6357598900794983
1452,11688,0.5314531326293945
1453,11705,0.4669501483440399
1454,11740,0.6760247945785522
1455,11742,0.6039029955863953
1456,11769,0.4834345281124115
1457,11771,0.5630298256874084
1458,11797,0.479371041059494
1459,11805,0.4772249162197113
1460,11806,0.623490035533905
1461,11811,0.427563339471817
1462,11813,0.513444185256958
1463,11820,0.4744749963283539
1464,11824,0.5237077474594116
1465,11828,0.4744352400302887
1466,11829,0.42445483803749084
1467,11832,0.45975399017333984
1468,11838,0.5236798524856567
1469,11841,0.5197446942329407
1470,11842,0.4292827844619751
1471,11846,0.5552393198013306
1472,11849,0.538635790348053
1473,11853,0.4293108284473419
1474,11856,0.594802975654602
1475,11857,0.45085829496383667
1476,11866,0.47076332569122314
1477,11871,0.5830300450325012
1478,11872,0.4815765619277954
1479,11874,0.5087510943412781
1480,11876,0.5998062491416931
1481,11877,0.560387134552002
1482,11878,0.4933072626590729
1483,11879,0.5339128375053406
1484,11882,0.48540017008781433
1485,11889,0.45697858929634094
1486,11890,0.5337722897529602
1487,11893,0.5581600666046143
1488,11895,0.5591071844100952
1489,11897,0.5216031074523926
1490,11898,0.5045264959335327
1491,11900,0.5153452157974243
1492,11909,0.6622799038887024
1493,11913,0.4991859495639801
1494,11914,0.5349203944206238
1495,11917,0.5150532722473145
1496,11918,0.42302432656288147
1497,11920,0.553663969039917
1498,11926,0.4828876852989197
1499,11927,0.46079686284065247
1500,11928,0.5464990735054016
1501,11930,0.502267599105835
1502,11931,0.5693520307540894
1503,11934,0.4268874526023865
1504,11935,0.5720643401145935
1505,11936,0.4553225636482239
1506,11937,0.4911347031593323
1507,11946,0.5635061860084534
1508,11949,0.4432947337627411
1509,11950,0.5026556253433228
1510,11955,0.5515543818473816
1511,11959,0.5287179350852966
1512,11961,0.5310608148574829
1513,11963,0.4447666108608246
1514,11964,0.5334785580635071
1515,11965,0.4870658218860626
1516,11966,0.4233592450618744
1517,11969,0.44382619857788086
1518,11982,0.7020913362503052
1519,11988,0.4901011288166046
1520,11991,0.4722301661968231
1521,11994,0.5184404850006104
1522,11996,0.5520318150520325
1523,12006,0.49525830149650574
1524,12007,0.45028501749038696
1525,12009,0.5136765837669373
1526,12010,0.4948974549770355
1527,12011,0.580804169178009
1528,12014,0.5352028608322144
1529,12017,0.5331869721412659
1530,12018,0.5090535283088684
1531,12019,0.49794426560401917
1532,12020,0.4933711886405945
1533,12023,0.5650262832641602
1534,12033,0.48597028851509094
1535,12036,0.5400031208992004
1536,12039,0.640066921710968
1537,12043,0.5019383430480957
1538,12047,0.46159791946411133
1539,12048,0.6161057949066162
1540,12050,0.5591583847999573
1541,12053,0.5101286768913269
1542,12056,0.4305729269981384
1543,12058,0.485965371131897
1544,12060,0.5368462204933167
1545,12063,0.44424399733543396
1546,12065,0.45715829730033875
1547,12070,0.4720386862754822
1548,12073,0.5617204904556274
1549,12074,0.6293782591819763
1550,12075,0.49180570244789124
1551,12081,0.42763859033584595
1552,12085,0.5324307680130005
1553,12089,0.45239970088005066
1554,12092,0.49480924010276794
1555,12093,0.5678648948669434
1556,12096,0.5219972133636475
1557,12098,0.5269075632095337
1558,12106,0.6321311593055725
1559,12110,0.49993836879730225
1560,12111,0.5010873079299927
1561,12114,0.4274398982524872
1562,12117,0.5443004965782166
1563,12122,0.48042595386505127
1564,12123,0.4728822708129883
1565,12126,0.5266532897949219
1566,12127,0.47420501708984375
1567,12128,0.5170299410820007
1568,12135,0.4576936364173889
1569,12137,0.44917869567871094
1570,12138,0.558222770690918
1571,12146,0.5154823660850525
1572,12148,0.469200998544693
1573,12154,0.5383053421974182
1574,12155,0.4571417570114136
1575,12161,0.5363364815711975
1576,12166,0.48063769936561584
1577,12168,0.49615514278411865
1578,12177,0.46204066276550293
1579,12183,0.615363597869873
1580,12184,0.4495334029197693
1581,12187,0.5020323991775513
1582,12188,0.47409433126449585
1583,12190,0.5333930850028992
1584,12191,0.4848530888557434
1585,12203,0.636816143989563
1586,12208,0.5393938422203064
1587,12209,0.49783673882484436
1588,12212,0.4789183735847473
1589,12216,0.5548785924911499
1590,12218,0.5682016015052795
1591,12224,0.5001962780952454
1592,12225,0.5336732864379883
1593,12226,0.4909152090549469
1594,12230,0.5159511566162109
1595,12234,0.5440294146537781
1596,12238,0.47584348917007446
1597,12243,0.48766934871673584
1598,12245,0.5849029421806335
1599,12247,0.5077077150344849
1600,12248,0.4392208456993103
1601,12249,0.4677697718143463
1602,12251,0.5204720497131348
1603,12255,0.4479285180568695
1604,12256,0.5259771347045898
1605,12257,0.549537181854248
1606,12259,0.43028581142425537
1607,12260,0.5026627779006958
1608,12262,0.42604804039001465
1609,12265,0.5576448440551758
1610,12267,0.49013617634773254
1611,12274,0.46800628304481506
1612,12278,0.720507025718689
1613,12287,0.5181324481964111
1614,12289,0.49356111884117126
1615,12290,0.5384825468063354
1616,12292,0.4979741871356964
1617,12297,0.5141690373420715
1618,12300,0.5190753936767578
1619,12303,0.525455117225647
1620,12306,0.5194939970970154
1621,12307,0.5193684101104736
1622,12311,0.562555730342865
1623,12316,0.45417270064353943
1624,12327,0.508564293384552
1625,12331,0.5010642409324646
1626,12335,0.6749988794326782
1627,12344,0.5579419732093811
1628,12345,0.6402375102043152
1629,12346,0.5269677042961121
1630,12348,0.4642643630504608
1631,12350,0.5656066536903381
1632,12355,0.4583853781223297
1633,12356,0.5114718675613403
1634,12357,0.5677664279937744
1635,12360,0.6342206597328186
1636,12364,0.583049476146698
1637,12365,0.5619672536849976
1638,12368,0.7812851667404175
1639,12369,0.4805682897567749
1640,12371,0.5785568356513977
1641,12373,0.49634313583374023
1642,12382,0.6020177602767944
1643,12385,0.48135510087013245
1644,12388,0.42153534293174744
1645,12389,0.4670303761959076
1646,12390,0.5272747278213501
1647,12391,0.5963506102561951
1648,12393,0.625801146030426
1649,12394,0.4837111532688141
1650,12395,0.48991963267326355
1651,12396,0.5305210947990417
1652,12397,0.42153534293174744
1653,12400,0.5652725100517273
1654,12404,0.5096461176872253
1655,12405,0.5087206363677979
1656,12406,0.5458892583847046
1657,12407,0.5682564377784729
1658,12408,0.5262212157249451
1659,12419,0.5993250012397766
1660,12427,0.4877520799636841
1661,12428,0.5218769907951355
1662,12429,0.5057089328765869
1663,12430,0.5759274363517761
1664,12431,0.5080697536468506
1665,12437,0.49012356996536255
1666,12443,0.4755718410015106
1667,12445,0.6231644153594971
1668,12447,0.46628111600875854
1669,12448,0.5490788221359253
1670,12452,0.4893506169319153
1671,12456,0.4809051752090454
1672,12457,0.5503580570220947
1673,12458,0.6050681471824646
1674,18899,0.5605201721191406
1675,18960,0.5683079361915588
1676,19045,0.49579620361328125
1677,19082,0.4214150607585907
1678,19104,0.5457070469856262
1679,19122,0.5017452239990234
1680,19322,0.7027797698974609
1681,19359,0.672116219997406
1682,19373,0.5155423879623413
1683,19544,0.6393377184867859
1684,19569,0.45509767532348633
1685,19603,0.6119431853294373
1686,19627,0.48729872703552246
1687,19783,0.5782598257064819
1688,19827,0.4896552264690399
1689,19850,0.48918071389198303
1690,19896,0.40778616070747375
1691,19912,0.5500836968421936
1692,19942,0.5671980381011963
1693,19962,0.4930301308631897
1694,20101,0.493283748626709
1695,20171,0.48301997780799866
1696,20302,0.5948350429534912
1697,20434,0.488388329744339
1698,20522,0.5366021394729614
1699,20626,0.5944374799728394
1700,20681,0.44992274045944214
1701,20685,0.5867276191711426
1702,20733,0.5178177952766418
1703,20769,0.5635029673576355
1704,20996,0.5517828464508057
1705,21022,0.5845014452934265
1706,21123,0.49793484807014465
1707,21128,0.6079752445220947
1708,21188,0.5350570678710938
1709,21190,0.46224460005760193
1710,21281,0.48372209072113037
1711,21320,0.4878459572792053
1712,21447,0.5547953844070435
1713,21454,0.49010342359542847
1714,21475,0.5206220746040344
1715,21490,0.4812479615211487
1716,21583,0.46842941641807556
1717,21656,0.540654182434082
1718,21709,0.4287584722042084
1719,21726,0.5424103736877441
1720,21861,0.544655442237854
1721,21898,0.4651050567626953
1722,22045,0.4695096015930176
1723,22048,0.4958956241607666
1724,22051,0.4507688283920288
1725,22059,0.5337448120117188
1726,22078,0.47721752524375916
1727,22188,0.45842936635017395
1728,22228,0.491416871547699
1729,22419,0.5769673585891724
1730,22434,0.5041953325271606
1731,22442,0.5540473461151123
1732,22465,0.5416213274002075
1733,22514,0.48190033435821533
1734,22623,0.4729321300983429
1735,22650,0.5648425221443176
1736,22823,0.45980748534202576
1737,22849,0.5164213180541992
1738,22878,0.5387210845947266
1739,22918,0.5362534523010254
1740,22935,0.5354153513908386
1741,22988,0.49767065048217773
1742,23175,0.5085029006004333
1743,23180,0.5894023180007935
1744,23323,0.43602612614631653
1745,23348,0.5786417126655579
1746,23427,0.5332320332527161
1747,23457,0.6253847479820251
1748,23460,0.5051329135894775
1749,23516,0.5660579204559326
1750,23541,0.5387141704559326
1751,23595,0.5409715175628662
1752,23613,0.4519842863082886
1753,23649,0.4875693917274475
1754,23726,0.5302190184593201
1755,23776,0.6265831589698792
1756,23793,0.582202672958374
1757,23803,0.5458778738975525
1758,23820,0.5120437145233154
1759,23827,0.5389255285263062
1760,23882,0.4555332362651825
1761,23994,0.6055591106414795
1762,24141,0.5011741518974304
1763,24205,0.4855678379535675
1764,24333,0.56732577085495
1765,24367,0.5036436319351196
1766,24468,0.5450528860092163
1767,24479,0.4298780560493469
1768,237459,0.5476678609848022
1769,240781,0.5093555450439453
1770,258358,0.46116870641708374
1771,259401,0.5983018279075623
1772,263319,0.6211743354797363
1773,264036,0.5016651153564453
1774,264057,0.5961498618125916
1775,264129,0.5108155012130737
1776,265087,0.5474933981895447
1777,268187,0.5302470326423645
1778,268588,0.45173224806785583
1779,268806,0.5131726861000061
1780,269424,0.5588554739952087
1781,269548,0.4653295874595642
1782,272383,0.6694276928901672
1783,272956,0.5427542328834534
1784,273171,0.45706355571746826
1785,273297,0.5641334652900696
1786,273612,0.7009526491165161
1787,274223,0.47407445311546326
1788,275103,0.7261608242988586
1789,275462,0.46891945600509644
1790,277519,0.5197737216949463
1791,277815,0.4830922484397888
1792,278795,0.4812333881855011
1793,279413,0.5104063153266907
1794,279741,0.42101025581359863
1795,280384,0.44112715125083923
1796,280644,0.5400820374488831
1797,281937,0.5508182048797607
1798,282736,0.5390693545341492
1799,284073,0.5361044406890869
1800,287493,0.45381757616996765
1801,287739,0.6737474799156189
1802,288197,0.509721040725708
1803,289212,0.6169340014457703
1804,289635,0.6009779572486877
1805,289939,0.5777761936187744
1806,291438,0.5664387345314026
1807,292716,0.5755099058151245
1808,294013,0.49403223395347595
1809,295995,0.45346081256866455
1810,296177,0.46358194947242737
1811,298235,0.5244455337524414
1812,299561,0.6569869518280029
1813,300604,0.5441528558731079
1814,300640,0.7200115919113159
1815,303320,0.47724488377571106
1816,304277,0.6483292579650879
1817,304419,0.49071064591407776
1818,306394,0.6356719732284546
1819,307018,0.5273914933204651
1820,307031,0.4116372764110565
1821,307357,0.48228639364242554
1822,307405,0.47583702206611633
1823,307845,0.5174725651741028
1824,308361,0.43066108226776123
1825,308665,0.5725521445274353
1826,308985,0.49972066283226013
1827,309730,0.5119544267654419
1828,310021,0.5887425541877747
1829,310478,0.6027302145957947
1830,311109,0.4458746016025543
1831,313896,0.5880399942398071
1832,314169,0.6368721127510071
1833,316187,0.6836183071136475
1834,316583,0.5388472676277161
1835,316696,0.4898470342159271
1836,318280,0.5073469877243042
1837,318602,0.4855843782424927
1838,319089,0.5464996695518494
1839,319573,0.7125372290611267
1840,320777,0.5270513296127319
1841,321427,0.5318742990493774
1842,321528,0.4795030653476715
1843,321538,0.5198337435722351
1844,321712,0.44725608825683594
1845,323418,0.5263729691505432
1846,323568,0.5440701246261597
1847,323710,0.520601212978363
1848,324740,0.5495261549949646
1849,324828,0.5704260468482971
1850,325152,0.7237393260002136
1851,325604,0.5266125202178955
1852,326932,0.5405063033103943
1853,329625,0.507257342338562
1854,330200,0.46324196457862854
1855,330580,0.5612524151802063
1856,330702,0.5463873744010925
1857,331196,0.6083691120147705
1858,331308,0.5101227760314941
1859,331695,0.4840351641178131
1860,332305,0.42191973328590393
1861,332514,0.5920929312705994
1862,332626,0.6273332834243774
1863,332797,0.4134385287761688
1864,333043,0.4981715977191925
1865,336381,0.5647493600845337
1866,336793,0.549304723739624
1867,337641,0.46860647201538086
1868,337772,0.5245059132575989
1869,337917,0.43818315863609314
1870,338414,0.5953093767166138
1871,338997,0.5720524191856384
1872,339263,0.5278066396713257
1873,341112,0.5915287137031555
1874,341819,0.5078169107437134
1875,341916,0.503284215927124
1876,342763,0.5611085295677185
1877,342865,0.6476178169250488
1878,345218,0.4764070510864258
1879,345915,0.5364779233932495
1880,346070,0.5483686923980713
1881,346080,0.43950653076171875
1882,346216,0.6551228761672974
1883,347349,0.5933477282524109
1884,347683,0.4682489037513733
1885,348813,0.6364517211914062
1886,348994,0.5285068154335022
1887,349889,0.5703796744346619
1888,350180,0.6267949342727661
1889,350287,0.48427534103393555
1890,351186,0.6030808687210083
1891,351630,0.6912792921066284
1892,352464,0.5399676561355591
1893,352688,0.48694097995758057
1894,352778,0.4917992353439331
1895,352858,0.5362112522125244
1896,352982,0.518060564994812
1897,353307,0.5364298224449158
1898,353621,0.5000935196876526
1899,354264,0.4496895968914032
1900,354744,0.5319623947143555
1901,355447,0.6618251204490662
1902,357080,0.5167981386184692
1903,358806,0.5815411806106567
1904,359164,0.5690953731536865
1905,359578,0.5471612215042114
1906,359692,0.6269885897636414
1907,360138,0.5056585073471069
1908,361497,0.6831849813461304
1909,1204965,0.6328837871551514
1910,1205072,0.6466845870018005
1911,1209748,0.5421178936958313
1912,1211640,0.5838481783866882
1913,1215810,0.5382472276687622
1914,1216091,0.5501665472984314
1915,1216427,0.4670860767364502
1916,1218245,0.5110337138175964
1917,1223660,0.5096214413642883
1918,1224907,0.5513468384742737
1919,1226826,0.4797098934650421
1920,1227214,0.5060938000679016
1921,1229914,0.4285490810871124
1922,1236438,0.46763214468955994
1923,1236588,0.5331884622573853
1924,1237840,0.5432987809181213
1925,1239150,0.57557213306427
1926,1240266,0.5262800455093384
1927,1242641,0.5504247546195984
1928,1245420,0.4502277672290802
1929,1247493,0.5098135471343994
1930,1249394,0.630155086517334
1931,1250838,0.5046204328536987
1932,1253705,0.5147443413734436
1933,1253761,0.49706020951271057
1934,1259983,0.6198662519454956
1935,1262554,0.4614357650279999
1936,1263133,0.549985408782959
1937,1264605,0.6348138451576233
1938,1264881,0.5074850916862488
1939,1265215,0.46483874320983887
1940,1266563,0.5016026496887207
1941,1269939,0.579082190990448
1942,1272034,0.419386625289917
1943,1275863,0.5861337780952454
1944,1278646,0.47140783071517944
1945,1280321,0.6431988477706909
1946,1280791,0.5215930938720703
1947,1281541,0.5369427800178528
1948,1286077,0.5319615006446838
1949,1287287,0.636349081993103
1950,1287471,0.48422324657440186
1951,1288271,0.5251105427742004
1952,1290475,0.5868968963623047
1953,1290733,0.5257993936538696
1954,1290871,0.5003117322921753
1955,1295132,0.5108110904693604
1956,1295449,0.49842214584350586
1957,1295835,0.588304877281189
1958,1297306,0.5351530909538269
1959,1299770,0.4587416648864746
1960,1300997,0.5808716416358948
1961,1301034,0.5591307282447815
1962,1301498,0.5457291007041931
1963,1301864,0.5367831587791443
1964,1303152,0.49520257115364075
1965,1305449,0.552134096622467
1966,1305930,0.5492200255393982
1967,1309600,0.6386362910270691
1968,1310569,0.5054481029510498
1969,1312811,0.5511364936828613
1970,1315683,0.4762778878211975
1971,1316522,0.5160475969314575
1972,1316547,0.6702490448951721
1973,1316681,0.5601416230201721
1974,1318762,0.607162594795227
1975,1319147,0.5449626445770264
1976,1321659,0.5000941753387451
1977,1321903,0.493228942155838
1978,1323517,0.5096210241317749
1979,1324994,0.7196344137191772
1980,1329869,0.5604304671287537
1981,1330356,0.48844295740127563
1982,1335541,0.67927485704422
1983,1337453,0.6710723042488098
1984,1338028,0.7428763508796692
1985,1341653,0.5713781118392944
1986,1343911,0.5688765645027161
1987,1345437,0.5827322006225586
1988,1345490,0.551180362701416
1989,1346658,0.5700644850730896
1990,1348518,0.46147531270980835
1991,1352224,0.5731470584869385
1992,1352866,0.44655248522758484
1993,1354067,0.4988936185836792
1994,1354157,0.46725884079933167
1995,1843983,0.5066976547241211
1996,1844320,0.6152352094650269
1997,1844431,0.5306625962257385
1998,1844481,0.621350109577179
1999,1844521,0.5404428243637085
2000,1844593,0.5979393720626831
2001,1844719,0.5187219381332397
2002,1844763,0.5180181264877319
2003,1846381,0.5468771457672119
2004,1846718,0.43780001997947693
2005,1847162,0.6648871302604675
2006,1847285,0.577774167060852
2007,1848899,0.6296901106834412
2008,1848976,0.5189610719680786
2009,1849026,0.5387985110282898
2010,1849338,0.4949432611465454
2011,1849638,0.5035319328308105
2012,1850100,0.5195331573486328
2013,1850256,0.47086337208747864
2014,1850683,0.5443198680877686
2015,1850962,0.49814745783805847
2016,1851738,0.4959747791290283
2017,1852212,0.48144251108169556
2018,1852916,0.47089096903800964
2019,1853038,0.593913197517395
2020,1853399,0.5629075765609741
2021,1854397,0.6311666965484619
2022,1854520,0.5331516265869141
2023,1854892,0.5481279492378235
2024,1855100,0.515544056892395
2025,1855338,0.5588256120681763
2026,1855762,0.5402016043663025
2027,1855953,0.5389063954353333
2028,1857765,0.5345520973205566
2029,1857782,0.5128638744354248
2030,1858028,0.5861949324607849
2031,1858079,0.5486530661582947
2032,1858277,0.6239357590675354
2033,1858280,0.5488165020942688
2034,1858881,0.6145433187484741
2035,1859000,0.5449451804161072
2036,1859141,0.6655566692352295
2037,1859753,0.5123229622840881
2038,1859849,0.580326497554779
2039,1859979,0.5118278861045837
2040,1860080,0.5651718378067017
2041,1860581,0.5407974720001221
2042,1861564,0.5165931582450867
2043,1862791,0.48736023902893066
2044,1863524,0.4585017263889313
2045,1863811,0.5372834801673889
2046,1864288,0.5727998614311218
2047,1864852,0.5708628296852112
2048,1865504,0.4621524214744568
2049,1865788,0.5045533776283264
2050,1865867,0.5736791491508484
2051,1866006,0.47079941630363464
2052,1866175,0.5563281178474426
2053,1866965,0.5290628671646118
2054,1867246,0.5594244599342346
2055,1867412,0.4465837776660919
2056,1867828,0.5602701902389526
2057,1868438,0.5861925482749939
2058,1868511,0.5174798965454102
2059,1868700,0.4697777032852173
2060,1868722,0.5362358093261719
2061,1868796,0.4826951324939728
2062,1868803,0.4816945195198059
2063,1868902,0.607122004032135
2064,1869136,0.5593387484550476
2065,1869276,0.6000024676322937
2066,1869633,0.48173171281814575
2067,1870262,0.5969525575637817
2068,1870359,0.5163912773132324
2069,1870609,0.42050376534461975
2070,1871223,0.5891925692558289
2071,1871419,0.5739650726318359
2072,1871466,0.504054605960846
2073,1871806,0.566713809967041
2074,1871963,0.520566999912262
2075,1872367,0.4756509065628052
2076,1872553,0.4774235188961029
2077,1873184,0.438081830739975
2078,1874266,0.6050273776054382
2079,1874350,0.7407780885696411
2080,1875821,0.5438644886016846
2081,1876265,0.5941446423530579
2082,1876290,0.506625235080719
2083,1877368,0.5299412608146667
2084,1877656,0.7136240005493164
2085,1877694,0.5689082741737366
2086,1877934,0.575710117816925
2087,1878215,0.47965359687805176
2088,1878774,0.543141782283783
2089,1879452,0.6034684181213379
2090,1879846,0.5059775114059448
2091,1880304,0.5234955549240112
2092,1880338,0.5328622460365295
2093,1881452,0.5411895513534546
2094,1881593,0.5219878554344177
2095,1881646,0.4589623808860779
2096,1881683,0.505979597568512
2097,1881910,0.6544830203056335
2098,1882033,0.46406593918800354
2099,1883142,0.5932765007019043
2100,1883350,0.541429340839386
2101,1883677,0.5458472371101379
2102,1884186,0.47304531931877136
2103,1885706,0.5809827446937561
2104,1885730,0.469975084066391
2105,1885774,0.6110050678253174
2106,1885783,0.4545789062976837
2107,1886798,0.5294486284255981
2108,1887470,0.44564422965049744
2109,1887796,0.535423755645752
2110,1887853,0.5374497771263123
2111,1888007,0.51705002784729
2112,1888012,0.5840860605239868
2113,1888334,0.5182859301567078
2114,1888691,0.5018234252929688
2115,1888735,0.5724793672561646
2116,1888804,0.49129518866539
2117,1889013,0.4909798502922058
2118,1889221,0.5967962741851807
2119,1890671,0.5098141431808472
2120,1890683,0.519153892993927
2121,1891209,0.6939277052879333
2122,1891619,0.41863659024238586
2123,1891992,0.6113466024398804
2124,1892291,0.7331695556640625
2125,1893315,0.5888010859489441
2126,1893356,0.5431692004203796
2127,1894036,0.5196570754051208
2128,1894657,0.6365847587585449
2129,1894683,0.5747189521789551
2130,1894814,0.46328485012054443
2131,1894926,0.4722270965576172
2132,1895410,0.4616287052631378
2133,1895817,0.5999208092689514
2134,1895939,0.4872722923755646
2135,1896015,0.6109631061553955
2136,1896442,0.500077486038208
2137,1896466,0.5053294897079468
2138,1897047,0.6116001009941101
2139,1897324,0.6424932479858398
2140,1898021,0.5153752565383911
2141,1898114,0.541647732257843
2142,1898682,0.5458870530128479
2143,1899223,0.4423433542251587
2144,1899263,0.5069818496704102
2145,1899475,0.606819748878479
2146,1899558,0.5335858464241028
2147,1899998,0.4930790662765503
2148,1900139,0.48801788687705994
2149,1900706,0.5398769378662109
2150,1901039,0.43381109833717346
2151,1901266,0.5427119731903076
2152,1901275,0.49963799118995667
2153,1901489,0.6542934775352478
2154,1901699,0.6566386818885803
2155,1901711,0.5308441519737244
2156,1901925,0.6050925850868225
2157,1901926,0.522705614566803
2158,1901947,0.5301507711410522
2159,1902045,0.4854995012283325
2160,1902577,0.5659868717193604
2161,1903319,0.6412614583969116
2162,1903866,0.5529759526252747
2163,1905294,0.5416548848152161
2164,1905492,0.5643139481544495
2165,1906295,0.5466592311859131
2166,1906368,0.5181726813316345
2167,1906505,0.7610552310943604
2168,1906615,0.6587356925010681
2169,1907482,0.5592268705368042
2170,1907743,0.49058619141578674
2171,1907969,0.5813630819320679
2172,1909635,0.5788889527320862
2173,1909795,0.4905533194541931
2174,1909808,0.585963249206543
2175,1909867,0.5591223239898682
2176,1910358,0.5739302635192871
2177,1910448,0.46011313796043396
2178,1910503,0.46425217390060425
2179,1910880,0.5177690386772156
2180,1911062,0.5068051218986511
2181,1911230,0.5201624631881714
2182,1911437,0.4359388053417206
2183,1911462,0.5534936189651489
2184,1911525,0.528722882270813
2185,1912386,0.6940066814422607
2186,1912405,0.5276393890380859
2187,1913151,0.5483234524726868
2188,1913631,0.48778724670410156
2189,1913911,0.5469174385070801
2190,1913985,0.47366130352020264
2191,1914729,0.4912547469139099
2192,1914834,0.48311662673950195
2193,1915217,0.5987566113471985
2194,1915358,0.40777549147605896
2195,1916967,0.4538080394268036
2196,1917268,0.5472763180732727
2197,1917692,0.49973419308662415
2198,1917817,0.5025280117988586
2199,1918072,0.5243784189224243
2200,1918545,0.59800124168396
2201,1918897,0.46307870745658875
2202,1919177,0.512590229511261
2203,1919624,0.41245219111442566
2204,1920449,0.45316508412361145
2205,1920879,0.46222734451293945
2206,1921666,0.5153319239616394
2207,1922055,0.5332662463188171
2208,1922056,0.5058405995368958
2209,1922164,0.4751497507095337
2210,1922174,0.5549299120903015
2211,1922714,0.46828973293304443
2212,1922921,0.5226684212684631
2213,1922940,0.596213161945343
2214,1922994,0.4728662669658661
2215,1923075,0.5113309025764465
2216,1923235,0.5426745414733887
2217,1923770,0.4624127745628357
2218,1924026,0.5172954201698303
2219,1924181,0.6134084463119507
2220,1924341,0.5822110176086426
2221,1925264,0.5140256881713867
2222,1925330,0.605027437210083
2223,1925499,0.6717627644538879
2224,1925573,0.5380862355232239
2225,1925833,0.5054124593734741
2226,1925897,0.5571997165679932
2227,1927206,0.48045873641967773
2228,1927340,0.5461429357528687
2229,1927384,0.5119482278823853
2230,1927685,0.4701405465602875
2231,1927712,0.5160344243049622
2232,1927723,0.4630366563796997
2233,1927770,0.6384153366088867
2234,1927960,0.5381428599357605
2235,1928155,0.514350950717926
2236,1928696,0.6184418201446533
2237,1928900,0.5314996242523193
2238,1929009,0.5554467439651489
2239,1929793,0.5316251516342163
2240,1930027,0.5310524702072144
2241,1930044,0.4967564046382904
2242,1931233,0.6881120800971985
2243,1931720,0.44641056656837463
2244,1932094,0.6326885223388672
2245,1932121,0.6271654367446899
2246,1932360,0.4340597689151764
2247,1932490,0.4705735445022583
2248,1933194,0.5944294929504395
2249,1934845,0.5345465540885925
2250,1934927,0.5461806058883667
2251,1935414,0.5024771690368652
2252,1935527,0.4638335704803467
2253,1936013,0.5751935243606567
2254,1936707,0.4747234284877777
2255,1937159,0.4855647683143616
